{
  "hash": "c631a4e8",
  "configHash": "0b6613fe",
  "lockfileHash": "b008b2a3",
  "browserHash": "dbc1a337",
  "optimized": {
    "@angular/common": {
      "src": "../../../../../node_modules/@angular/common/fesm2022/common.mjs",
      "file": "@angular_common.js",
      "fileHash": "a5d7c6f6",
      "needsInterop": false
    },
    "@angular/core": {
      "src": "../../../../../node_modules/@angular/core/fesm2022/core.mjs",
      "file": "@angular_core.js",
      "fileHash": "c7fed414",
      "needsInterop": false
    },
    "@angular/forms": {
      "src": "../../../../../node_modules/@angular/forms/fesm2022/forms.mjs",
      "file": "@angular_forms.js",
      "fileHash": "8c40a3da",
      "needsInterop": false
    },
    "@angular/material/form-field": {
      "src": "../../../../../node_modules/@angular/material/fesm2022/form-field.mjs",
      "file": "@angular_material_form-field.js",
      "fileHash": "8cde4451",
      "needsInterop": false
    },
    "@angular/material/input": {
      "src": "../../../../../node_modules/@angular/material/fesm2022/input.mjs",
      "file": "@angular_material_input.js",
      "fileHash": "1646a8d8",
      "needsInterop": false
    },
    "@angular/platform-browser": {
      "src": "../../../../../node_modules/@angular/platform-browser/fesm2022/platform-browser.mjs",
      "file": "@angular_platform-browser.js",
      "fileHash": "5f1aabf6",
      "needsInterop": false
    },
    "@angular/platform-browser/animations/async": {
      "src": "../../../../../node_modules/@angular/platform-browser/fesm2022/animations/async.mjs",
      "file": "@angular_platform-browser_animations_async.js",
      "fileHash": "8f96e8d3",
      "needsInterop": false
    },
    "@angular/router": {
      "src": "../../../../../node_modules/@angular/router/fesm2022/router.mjs",
      "file": "@angular_router.js",
      "fileHash": "7de36b4c",
      "needsInterop": false
    }
  },
  "chunks": {
    "browser-H36WYY5Q": {
      "file": "browser-H36WYY5Q.js"
    },
    "chunk-4ERTXQ7C": {
      "file": "chunk-4ERTXQ7C.js"
    },
    "chunk-ABTDFGCE": {
      "file": "chunk-ABTDFGCE.js"
    },
    "chunk-CVNCIY5O": {
      "file": "chunk-CVNCIY5O.js"
    },
    "chunk-D7BEFGVA": {
      "file": "chunk-D7BEFGVA.js"
    },
    "chunk-I4R6KXJ6": {
      "file": "chunk-I4R6KXJ6.js"
    },
    "chunk-IR3F6KGE": {
      "file": "chunk-IR3F6KGE.js"
    }
  }
}